"","max_coxa","rate_predicted"
"1",28,0.0054118518745157
"2",29,0.0148056312042632
"3",30,0.0398515992432394
"4",31,0.102843741371885
"5",32,0.240468397830762
"6",33,0.466498465343385
